front,back,tags
ephemeral,短暂的；转瞬即逝的,英语;词汇
ubiquitous,无处不在的；普遍存在的,英语;词汇
ambiguous,模糊的；含糊不清的,英语;词汇
paradox,悖论；矛盾的人或事物,英语;词汇
inevitable,不可避免的；必然发生的,英语;词汇
substantial,大量的；实质性的；重要的,英语;词汇
advocate,提倡；拥护者；律师,英语;词汇
controversial,有争议的；引起争论的,英语;词汇
obsolete,已废弃的；过时的,英语;词汇
elaborate,详细阐述；精心制作的,英语;词汇
exacerbate,使恶化；加剧,英语;词汇
albeit,尽管；虽然（连词）,英语;词汇
consensus,共识；一致意见,英语;词汇
coherent,连贯的；条理清楚的,英语;词汇
deteriorate,恶化；变坏,英语;词汇
diminish,减少；降低；贬低,英语;词汇
enhance,增强；提高；改善,英语;词汇
facilitate,促进；使便利,英语;词汇
plausible,貌似合理的；似乎真实的,英语;词汇
scrutinize,仔细审查；详细检查,英语;词汇
subsequent,随后的；继……之后的,英语;词汇
threshold,门槛；阈值；起点,英语;词汇
undermine,逐渐削弱；从根基破坏,英语;词汇
viable,可行的；有活力的,英语;词汇
unprecedented,史无前例的；空前的,英语;词汇
